F;9033;Hunters Of Our Future;22/03/2016;Policial;Português;Lançamento;94
S;3514;Green Lotus;29/05/2017;Romance;Espanhol;Lançamento;78
F;9632;Boy With Spaceships;23/05/2015;Anime;Inglês;Modificável;99
S;3803;Those are Trees;09/09/2013;Policial;Italiano;Modificável;186
F;8329;Death Of The Dark;02/12/2014;Policial;Francês;Lançamento;82
F;9793;Ashamed Of The End;15/12/2021;Policial;Italiano;Modificável;118
S;3954;The Last of Peaks;07/08/2018;Drama;Italiano;Modificável;154
F;9413;Changed By The Secrets;01/10/2017;Policial;Russo;Lançamento;107
F;8629;Hawk Of A Creature;31/01/2021;Ação;Francês;Lançamento;109
F;8055;Hunters Of Men's Legacy;23/10/2020;Comédia;Italiano;Modificável;102
F;8109;Bandits And Men;07/03/2022;Anime;Francês;Modificável;91
F;9557;Hunters And Veterans;27/02/2014;Anime;Russo;Modificável;98
F;9672;Medics And Children;18/02/2018;Suspense;Inglês;Modificável;102
F;9533;Anxious For The Galaxy;17/02/2018;Drama;Português;Modificável;105
F;9168;Origin Of The Stars;19/11/2022;Aventura;Português;Lançamento;119
S;3557;Game of Trees;14/05/2019;Documentário;Francês;Modificável;78
F;8370;Cyborgs Of The Void;12/06/2019;Aventura;Russo;Lançamento;98
S;3527;The Walking Flumes;14/08/2016;Suspense;Russo;Lançamento;61
F;9562;Enemy In The Center Of The Earth;14/03/2014;Anime;Português;Lançamento;116
F;9704;Boy Of Aliens;09/06/2022;Comédia;Italiano;Modificável;119
F;9543;Demise Of War;27/03/2023;Drama;Espanhol;Modificável;89
F;9862;Lords Of The Nether;27/10/2013;Aventura;Russo;Modificável;108
F;9396;Fools Of The East;12/10/2018;Romance;Português;Modificável;101
F;9877;Hope;11/04/2017;Drama;Russo;Lançamento;93
S;3592;A Robot Game;24/12/2015;Anime;Inglês;Lançamento;92
S;3465;Pink is the new Green;27/09/2020;Policial;Russo;Lançamento;1
S;3570;Game of Goodies;14/04/2017;Suspense;Italiano;Lançamento;178
S;3761;East Pretender;16/04/2019;Anime;Espanhol;Lançamento;138
S;3738;East Goodies;18/02/2018;Suspense;Russo;Modificável;173
S;3560;Game of Flumes;20/05/2020;Romance;Inglês;Modificável;17
F;9091;Hunters And Commanders;25/02/2018;Aventura;Inglês;Lançamento;116
F;9510;Strangers And Intruders;28/07/2015;Romance;Português;Lançamento;120
F;9146;Confusing The Rivers;09/05/2016;Suspense;Russo;Modificável;87
F;9775;Of The Ocean;15/02/2021;Romance;Russo;Modificável;93
F;8661;Signs Of Our Future;22/04/2018;Suspense;Russo;Modificável;117
S;3598;A Mind Game;12/12/2016;Anime;Português;Modificável;106
F;8802;Strangers And Traitors;23/01/2023;Aventura;Espanhol;Modificável;82
F;9573;Complexity Of A Nuclear Winter;07/07/2022;Romance;Inglês;Modificável;97
F;8561;Men And Medics;08/09/2017;Anime;Russo;Lançamento;93
S;3775;Fear of Trees;10/11/2014;Anime;Espanhol;Modificável;190
F;8645;Leader Of The Void;13/07/2017;Aventura;Inglês;Modificável;84
F;9680;Limits Of A Nuclear War;28/08/2017;Aventura;Francês;Modificável;106
F;8932;Music Of The Lakes;24/07/2022;Drama;Espanhol;Lançamento;117
S;3743;East Sinks;01/03/2019;Suspense;Espanhol;Modificável;179
S;3816;Those are Cats;22/09/2017;Policial;Russo;Modificável;85
S;3474;Pink is the new Pink;14/10/2018;Romance;Francês;Modificável;185
F;8395;Cautious Of Technolic Advancements;18/05/2013;Romance;Espanhol;Modificável;85
S;3932;The Last of Goodies;03/04/2020;Romance;Espanhol;Modificável;26
F;9989;Farms Of Our Realm;17/12/2020;Aventura;Português;Lançamento;101
S;3496;Golden County;18/09/2019;Aventura;Francês;Lançamento;34
S;3824;Those are Bubbles;21/09/2019;Drama;Espanhol;Modificável;188
F;8393;Serenity Of The Eyes;01/04/2017;Anime;Italiano;Modificável;101
F;9652;Androids And Enemies;04/09/2015;Policial;Francês;Modificável;111
F;9039;Obliteration Of Honor;16/11/2017;Suspense;Inglês;Modificável;107
F;9404;Corruption Of The Planet;21/03/2015;Policial;Inglês;Lançamento;112
F;9007;Ancestors Without Restrictions;04/01/2018;Comédia;Italiano;Lançamento;120
S;3680;Nihon Goodies;25/08/2020;Documentário;Português;Modificável;134
F;8876;Nation Of The New World;18/01/2015;Ação;Francês;Lançamento;92
F;8131;Monuments Of New Worlds;07/04/2021;Policial;Russo;Lançamento;105
F;9575;Amazing Fantasy;04/01/2014;Documentário;Francês;Modificável;86
S;3941;The Last of Robots;18/07/2016;Drama;Português;Modificável;6
S;3642;The Call of the Bubbles;14/12/2018;Comédia;Espanhol;Modificável;73
S;3536;The Walking Robots;08/08/2019;Documentário;Espanhol;Modificável;31
F;9251;Dream Of Darkness;03/03/2014;Suspense;Francês;Lançamento;82
F;9536;Chase;11/08/2017;Romance;Inglês;Modificável;117
S;3801;Fear of Bubbles;14/09/2012;Romance;Inglês;Lançamento;65
F;9718;Is This a Movie ?;12/04/2015;Ação;Inglês;Lançamento;95
S;3851;Los Angeles Sinks;14/05/2020;Romance;Espanhol;Modificável;17
F;9079;Intruder Of Darkness;10/01/2023;Ação;Francês;Lançamento;102
S;3598;A Bubble Game;06/12/2017;Policial;Italiano;Lançamento;164
S;3823;Those are Robots;17/09/2018;Aventura;Russo;Modificável;197
S;3863;Los Angeles Robots;19/04/2020;Policial;Italiano;Modificável;135
F;9910;Drinks Without Limits;31/08/2015;Suspense;Italiano;Lançamento;107
F;9593;Ancients Of The West;12/01/2017;Documentário;Francês;Modificável;113
F;8257;Men Of The East;20/06/2014;Documentário;Português;Lançamento;91
S;3749;East Cats;28/02/2020;Aventura;Espanhol;Modificável;108
F;9409;Assassin Of Honor;30/12/2016;Comédia;Espanhol;Modificável;98
S;3906;Master Cats;14/03/2019;Anime;Russo;Modificável;26
S;3993;Bubbleman;31/10/2017;Policial;Espanhol;Modificável;48
F;8468;Hunter Of Eternity;24/02/2014;Drama;Italiano;Lançamento;119
F;9256;Turtle Of The Swamp;23/01/2015;Documentário;Português;Lançamento;109
S;3775;East Bubbles;25/11/2013;Drama;Espanhol;Lançamento;45
S;3586;Game of Bubbles;14/01/2011;Policial;Francês;Modificável;12
F;9004;Afraid Of Time Travel;26/12/2013;Policial;Inglês;Modificável;112
F;8699;Light Of Solar Flares;09/01/2020;Aventura;Francês;Modificável;119
F;8274;Clones Of The Galaxy;23/03/2017;Comédia;Italiano;Modificável;92
F;9964;Captain Of The Orbit;17/12/2020;Anime;Italiano;Modificável;109
F;8651;Volunteers And;15/07/2017;Comédia;Espanhol;Modificável;93
S;3502;Red Lotus;18/03/2020;Policial;Francês;Lançamento;184
F;9802;Death Of The Ocean;06/01/2017;Drama;Inglês;Lançamento;108
S;3887;Master Trees;16/06/2018;Drama;Italiano;Lançamento;40
F;9943;Cyborgs Of Stardust;12/12/2015;Drama;Italiano;Lançamento;96
F;9936;Creatures And Athletes;05/07/2017;Suspense;Russo;Lançamento;119
S;3930;The Last of Flumes;25/03/2019;Drama;Italiano;Modificável;171
F;9511;Cultured By The New World;20/10/2022;Comédia;Italiano;Lançamento;115
F;8328;Leaders Of Aliens;24/11/2022;Aventura;Português;Modificável;90
F;9323;Medic Of New Earth;02/02/2016;Aventura;Francês;Lançamento;101
S;3973;Shoreman;14/10/2012;Anime;Espanhol;Modificável;85
F;8470;Digital Your Garden;25/03/2014;Aventura;Português;Modificável;96
S;3502;Yellow Lotus;14/03/2019;Aventura;Português;Lançamento;119
F;8106;Aliens Of The Flight;05/06/2013;Romance;Francês;Modificável;107
S;3509;Blue Lotus;14/06/2015;Drama;Italiano;Modificável;51
S;3465;Pink is the new Blue;27/09/2019;Ação;Russo;Modificável;100
F;8493;Alive On The Titans;07/09/2017;Anime;Russo;Lançamento;112
F;9136;Men And Soldiers;08/04/2022;Drama;Português;Modificável;115
S;3547;The Walking Peaks;14/05/2016;Romance;Italiano;Modificável;8
S;3804;Those are Flumes;13/09/2014;Romance;Italiano;Modificável;28
F;8490;Root Of The Sands;08/08/2017;Romance;Inglês;Modificável;109
F;8107;Travelling Of The South;16/06/2017;Romance;Italiano;Modificável;84
F;8770;Children Of The New World;08/05/2018;Comédia;Português;Modificável;82
S;3877;Los Angeles Peaks;24/06/2015;Policial;Russo;Lançamento;173
S;3920;Master Minds;28/04/2016;Anime;Português;Lançamento;176
F;9947;Children And Gods;20/08/2020;Ação;Russo;Lançamento;82
S;3979;Treeman;04/10/2013;Comédia;Russo;Lançamento;196
S;3793;Fear of Peaks;10/12/2020;Anime;Português;Modificável;106
F;9597;Beasts In The Center Of The Earth;30/07/2013;Policial;Inglês;Lançamento;86
F;9263;Statues Of The Future;20/10/2016;Aventura;Espanhol;Modificável;102
S;3554;The Walking Minds;16/05/2017;Ação;Espanhol;Modificável;103
S;3815;Those are Sinks;27/09/2016;Aventura;Espanhol;Lançamento;191
F;8580;Rebels And Officers;09/04/2020;Drama;Francês;Modificável;112
S;3894;Master Goodies;12/06/2020;Drama;Francês;Modificável;54
F;9492;Mice And Stars;02/04/2020;Anime;Italiano;Lançamento;85
F;8514;Robot With Tentacles;11/12/2020;Anime;Francês;Modificável;115
S;3926;The Last of Trees;02/04/2018;Romance;Português;Lançamento;183
S;3493;Red County;31/08/2017;Ação;Francês;Lançamento;134
S;3773;East Minds;14/11/2012;Suspense;Espanhol;Modificável;42
F;8690;Prediction Of The Sea;16/09/2013;Ação;Russo;Modificável;89
F;8596;Lonely In My Journey;07/11/2022;Policial;Inglês;Lançamento;89
F;9761;Human Of New Earth;18/11/2017;Documentário;Italiano;Lançamento;83
S;3695;Nihon Cats;14/06/2018;Anime;Francês;Lançamento;186
S;3578;Game of Robots;03/04/2019;Comédia;Italiano;Modificável;141
S;3518;Enemies;16/05/2018;Romance;Russo;Lançamento;173
F;8014;Obliteration Of The Galaxy;20/10/2022;Documentário;Inglês;Modificável;104
F;8540;Bored By Women;12/04/2022;Drama;Italiano;Lançamento;92
S;3576;Game of Cats;03/04/2018;Anime;Russo;Lançamento;23
S;3917;Master Pretenders;14/04/2014;Comédia;Italiano;Modificável;128
F;9550;Spiders Of Tomorrow;12/05/2013;Ação;Português;Lançamento;90
S;3474;Pink is the new Yellow;03/10/2019;Policial;Espanhol;Modificável;27
S;3489;Yellow County;14/09/2016;Romance;Espanhol;Modificável;119
F;8359;Deception Of Time;28/05/2018;Ação;Italiano;Modificável;101
S;3514;Golden Lotus;05/06/2016;Policial;Francês;Lançamento;94
F;8202;Doctors Of Sunshine;10/04/2019;Comédia;Inglês;Modificável;103
F;9850;Stars Of The Universe;23/12/2017;Policial;Inglês;Modificável;101
F;9210;Visitor Of Sunshine;06/11/2019;Romance;Italiano;Modificável;95
S;3873;Los Angeles Pretender;14/06/2014;Policial;Espanhol;Modificável;23
S;3714;Nihon Peaks;14/02/2020;Aventura;Inglês;Lançamento;100
F;9919;Married To A Nuclear War;25/12/2020;Ação;Francês;Lançamento;113
F;8046;Agents And Figures;10/08/2014;Documentário;Russo;Lançamento;101
S;3830;Los Angeles Trees;11/09/2020;Aventura;Francês;Lançamento;132
F;8990;Fog In The Lake;17/03/2018;Suspense;Português;Lançamento;114
S;3556;The Walking Bubbles;01/05/2018;Documentário;Italiano;Modificável;55
F;8715;Basic Androids;26/08/2020;Documentário;Russo;Lançamento;101
F;9514;Nightmares Of The Nether;15/10/2021;Drama;Espanhol;Modificável;95
F;9488;Creature Of Our Destiny;06/10/2015;Drama;Inglês;Lançamento;87
S;3586;A Tree Game;30/12/2011;Suspense;Russo;Lançamento;180
S;4000;Lost and Found;26/10/2018;Comédia;Português;Lançamento;39
F;9675;Death Of The Universe;16/03/2014;Romance;Francês;Lançamento;114
F;8849;Doctors And Visitors;23/05/2014;Comédia;Espanhol;Lançamento;99
F;9581;Hunters And Strangers;13/01/2021;Romance;Russo;Modificável;109
S;3936;The Last of Cats;14/07/2015;Comédia;Espanhol;Lançamento;78
F;9316;Warriors And Emperors;18/02/2018;Suspense;Português;Lançamento;90
F;8583;Emperors In The Past;05/08/2020;Ação;Italiano;Modificável;99
F;9076;Rebels And;29/11/2021;Drama;Inglês;Modificável;106
S;3583;Game of Minds;08/04/2020;Aventura;Russo;Lançamento;199
F;8327;Destiny Of Earth's Legacy;02/07/2020;Policial;Russo;Modificável;91
S;3736;East Flumes;28/02/2017;Aventura;Francês;Lançamento;159
F;9307;Witches And Criminals;04/07/2016;Comédia;Espanhol;Lançamento;85
F;9361;Heroes And Captains;21/04/2022;Comédia;Francês;Lançamento;83
F;9970;Soldiers Of Our Future;17/12/2020;Comédia;Italiano;Lançamento;111
F;8752;Life With The Titans;04/08/2021;Comédia;Inglês;Modificável;86
F;8024;Foes In My Yard;20/08/2021;Anime;Espanhol;Lançamento;99
F;9950;Criminals And Criminals;09/05/2015;Suspense;Russo;Modificável;82
F;8199;Culling Of Time;24/02/2014;Documentário;Português;Modificável;115
F;8630;Intelligence In The Sun;14/05/2016;Policial;Espanhol;Modificável;85
S;3632;The Call of the Robots;14/12/2015;Policial;Russo;Modificável;112
F;9426;Open To New Earth;28/07/2021;Aventura;Espanhol;Lançamento;98
F;9747;Visions Of Nature;05/12/2021;Comédia;Espanhol;Modificável;102
S;3857;Los Angeles Cats;14/04/2019;Drama;Francês;Modificável;67
S;3884;Los Angeles Minds;21/06/2016;Policial;Português;Lançamento;119
F;9150;Cyborg Of Space;18/03/2015;Policial;Francês;Modificável;84
F;9102;Creation Of Society;17/12/2013;Romance;Espanhol;Modificável;119
S;3887;Los Angeles Bubbles;18/06/2017;Ação;Inglês;Modificável;41
F;9023;Figures Of Moondust;14/12/2014;Comédia;Português;Lançamento;82
S;3783;Fear of Goodies;23/11/2016;Ação;Russo;Lançamento;109
S;3647;Fixing Flumes;07/01/2021;Suspense;Russo;Lançamento;150
F;9795;Agents And Droids;30/01/2023;Comédia;Italiano;Modificável;110
S;3698;Nihon Robots;22/06/2019;Documentário;Espanhol;Lançamento;74
F;8491;Predators Of Heaven;31/10/2022;Comédia;Russo;Lançamento;119
F;9273;Beast Of The Ocean;26/05/2022;Anime;Russo;Lançamento;112
F;8158;Cat Of A Dog;20/03/2022;Anime;Italiano;Modificável;107
S;3604;The Call of the Trees;15/12/2018;Romance;Russo;Lançamento;17
S;3531;The Walking Goodies;26/08/2017;Anime;Italiano;Modificável;103
S;3646;Fixing Trees;25/12/2019;Suspense;Francês;Lançamento;50
F;9509;Comforted By My Life;20/01/2019;Suspense;Russo;Modificável;92
S;3778;Fear of Flumes;12/11/2015;Documentário;Espanhol;Modificável;19
S;3637;The Call of the Pretender;25/12/2016;Drama;Francês;Lançamento;121
S;3624;The Call of the Cats;05/12/2020;Drama;Italiano;Modificável;9
F;9252;Medics And Friends;14/05/2020;Aventura;Francês;Modificável;89
F;9365;Directors And Leaders;19/03/2019;Drama;Italiano;Lançamento;94
S;4006;The Romanos;07/11/2019;Anime;Português;Lançamento;94
F;9114;Buildings Without Restrictions;13/10/2018;Romance;Francês;Modificável;117
F;9238;Cautious Of The Mountains;05/05/2022;Romance;Russo;Lançamento;103
F;8472;Stranger In The Beginning Of Time;04/12/2021;Romance;Inglês;Modificável;111
F;9431;Figure Of Animals;05/06/2018;Documentário;Espanhol;Modificável;97
F;8198;Creatures And Figures;02/12/2014;Drama;Inglês;Modificável;99
S;3764;East Peaks;12/04/2020;Ação;Inglês;Modificável;121
S;3983;Robotman;26/10/2015;Documentário;Russo;Modificável;36
F;8978;Blinded By;26/12/2018;Policial;Russo;Modificável;114
F;9500;Birth Of New Worlds;30/03/2018;Comédia;Francês;Modificável;101
F;8399;Blacksmiths And Hunters;29/03/2014;Suspense;Francês;Modificável;111
S;3785;Fear of Sinks;28/11/2017;Ação;Espanhol;Lançamento;196
F;8484;Volunteers And Strangers;07/11/2020;Suspense;Italiano;Lançamento;96
F;8146;Women Of The Depths;07/11/2015;Ação;Espanhol;Modificável;103
F;9752;Defenders Of Our Future;17/12/2016;Drama;Italiano;Lançamento;112
F;9297;Beasts Of The Orbit;22/01/2020;Drama;Italiano;Modificável;106
F;8909;Security Of Electricity;28/09/2015;Documentário;Português;Lançamento;108
F;9736;Perfume Of The Stars;17/06/2016;Aventura;Inglês;Modificável;94
F;9717;Boy With A UFO;30/07/2020;Policial;Português;Lançamento;99
F;9626;Fools And Mice;29/10/2020;Drama;Francês;Modificável;108
F;8214;Revival Of The New World;18/05/2015;Comédia;Inglês;Lançamento;106
F;8325;Help Of The North;27/10/2016;Suspense;Italiano;Lançamento;112
F;8449;Lost Science;09/07/2014;Comédia;Italiano;Modificável;83
F;8413;Wealth Of The Rivers;29/01/2018;Ação;Italiano;Modificável;88
F;9844;Crazy Of A Rise Of Machines;19/01/2023;Anime;Italiano;Modificável;108
S;3948;The Last of Pretenders;26/07/2017;Suspense;Inglês;Lançamento;157
S;3462;Pink is the new White;20/09/2018;Suspense;Francês;Modificável;122
S;3524;The Walking Trees;24/05/2019;Policial;Espanhol;Modificável;30
S;3533;The Walking Cats;22/08/2018;Comédia;Português;Lançamento;106
S;3989;Mindman;07/11/2016;Anime;Francês;Modificável;54
F;8347;Defender Of The Void;08/06/2020;Suspense;Russo;Lançamento;112
F;8678;Snake Of The Swamp;05/11/2017;Romance;Português;Modificável;94
F;8648;Riddle Of An Insect;08/11/2022;Ação;Italiano;Lançamento;120
F;9499;Snakes And Dogs;18/11/2017;Romance;Português;Lançamento;107
F;9346;Athletics Of Time;24/11/2020;Comédia;Italiano;Lançamento;94
F;9686;Horse In My Yard;16/08/2021;Comédia;Italiano;Modificável;90
S;3496;Blue County;09/09/2018;Policial;Espanhol;Modificável;66
F;8941;Disguised By A Rise Of Machines;10/09/2015;Anime;Russo;Modificável;95
S;3590;A Dread Game;13/12/2013;Drama;Italiano;Modificável;49
S;3791;Fear of Cats;12/12/2018;Drama;Espanhol;Lançamento;153
F;9302;Destruction Of A Creature;16/11/2016;Aventura;Russo;Lançamento;118
F;9617;Serenity Of Electricity;05/06/2020;Aventura;Português;Lançamento;102
F;8258;Criminals Of Shadows;27/05/2015;Comédia;Inglês;Modificável;91
F;9020;Doctors And Creators;05/01/2022;Romance;Inglês;Lançamento;90
S;3682;Nihon Sinks;14/03/2020;Comédia;Italiano;Modificável;1
F;8319;Phantoms In My Village;29/07/2020;Suspense;Português;Lançamento;104
S;3675;Nihon Flumes;16/08/2019;Suspense;Inglês;Lançamento;73
F;9945;Deception Of Darkness;14/02/2014;Policial;Italiano;Modificável;97
F;8227;Doctor Of The Outlands;27/06/2021;Aventura;Russo;Modificável;84
S;3496;Green County;07/09/2020;Anime;Espanhol;Lançamento;87
F;9495;Hunters With Tentacles;08/06/2020;Ação;Russo;Lançamento;108
F;9322;Snakes Of The North;03/07/2022;Suspense;Francês;Lançamento;114
S;3540;The Walking Pretenders;28/07/2020;Anime;Francês;Lançamento;49
F;8623;Insects Without Borders;11/10/2019;Anime;Inglês;Lançamento;112
F;8487;Jaded By My Destiny;05/02/2019;Anime;Português;Lançamento;94
S;3982;Catman;17/10/2014;Comédia;Espanhol;Lançamento;16
F;8729;Medics Of Earth;02/03/2022;Romance;Espanhol;Lançamento;110
F;8246;Rats And Heirs;19/05/2016;Policial;Francês;Lançamento;100
S;3640;The Call of the Minds;26/12/2017;Suspense;Italiano;Lançamento;158
F;9731;Aliens Of The Vacuum;08/04/2019;Suspense;Francês;Lançamento;91
F;9497;Warriors Per Realm;25/07/2021;Romance;Espanhol;Lançamento;120
F;9742;Officers And Foreigners;11/07/2022;Ação;Italiano;Lançamento;115
S;3590;A Flume Game;22/12/2012;Documentário;Português;Lançamento;10
F;9808;Celebrating Moondust;11/03/2018;Aventura;Francês;Lançamento;105
F;8008;Mice Of Your Dreams;31/07/2016;Documentário;Russo;Lançamento;85
F;8910;Visitors Of Exploration;04/09/2019;Documentário;Francês;Lançamento;95
F;9019;Symbols Of Stardust;15/06/2017;Policial;Italiano;Modificável;113
F;9040;Boys Of Mars;24/11/2017;Aventura;Espanhol;Lançamento;87
S;3920;Master Bubbles;17/04/2017;Policial;Italiano;Lançamento;66
F;8509;Creators And Thieves;01/11/2015;Anime;Francês;Lançamento;90
S;3481;Pink is the new Red;12/10/2020;Comédia;Russo;Modificável;181
S;3840;Los Angeles Flumes;14/05/2019;Romance;Português;Lançamento;120
F;8615;Figure Of The Flight;21/12/2014;Comédia;Russo;Modificável;94
S;3657;Fixing Robots;01/03/2019;Drama;Português;Lançamento;62
F;8798;Visitor Of Space;20/01/2016;Policial;Francês;Modificável;86
S;3910;Master Robots;18/03/2020;Aventura;Italiano;Lançamento;21
S;3650;Fixing Goodies;14/02/2017;Comédia;Espanhol;Lançamento;86
S;3811;Those are Goodies;17/09/2015;Documentário;Russo;Modificável;40
F;9745;Demise Of Robots;27/05/2016;Anime;Português;Lançamento;118
S;3961;The Last of Minds;02/08/2019;Comédia;Russo;Lançamento;126
F;8825;Confused By The End;28/08/2016;Drama;Inglês;Modificável;98
F;9311;Women And Devils;18/03/2015;Romance;Inglês;Modificável;98
F;8861;Monuments Of The Vacuum;29/06/2019;Documentário;Russo;Modificável;85
S;3590;A Cat Game;10/12/2014;Suspense;Russo;Modificável;19
F;9394;Defenders From Outer Space;10/04/2017;Suspense;Francês;Modificável;120
F;8098;Man On Mars;14/05/2016;Documentário;Português;Lançamento;107
S;3920;Master Peaks;26/04/2015;Aventura;Francês;Modificável;40
S;3725;Nihon Bubbles;14/02/2020;Aventura;Português;Modificável;45
S;3650;Fixing Cats;27/02/2018;Documentário;Português;Lançamento;25
F;9905;Boys In The News;06/03/2018;Anime;Espanhol;Lançamento;110
F;8377;Insects Of The Planet;09/07/2014;Policial;Português;Modificável;118
S;3616;The Call of the Goodies;14/12/2018;Drama;Português;Modificável;97
S;3661;Fixing Pretenders;13/03/2020;Aventura;Português;Modificável;166
F;9378;Dog Of The Void;28/07/2014;Documentário;Italiano;Lançamento;96
F;8731;Caring For The Sun;13/05/2015;Suspense;Francês;Lançamento;85
F;9078;Creatures Of The Future;21/09/2016;Anime;Russo;Lançamento;83
F;8507;Boys And Blacksmiths;05/08/2020;Suspense;Inglês;Lançamento;107
F;9342;Birth Of Stardust;06/01/2023;Romance;Italiano;Modificável;85
F;9262;Disguised In The Depths;24/05/2018;Comédia;Espanhol;Lançamento;103
F;9324;Age In Eternity;24/12/2015;Romance;Inglês;Lançamento;108
F;8488;Agents And Soldiers;10/09/2016;Drama;Italiano;Lançamento;85
F;9869;Fungi Of Technology;29/08/2020;Policial;Português;Modificável;84
F;9944;Invaders And Spies;08/07/2013;Anime;Italiano;Lançamento;109
F;8331;Officer Of Stardust;02/02/2023;Drama;Português;Lançamento;92
S;3734;East Trees;14/03/2016;Comédia;Francês;Modificável;79
S;3754;East Robots;14/04/2018;Ação;Francês;Lançamento;140
F;8019;Politicians Per Country;13/12/2020;Policial;Espanhol;Lançamento;93
S;3845;Los Angeles Goodies;11/05/2020;Policial;Inglês;Lançamento;36
F;8902;Mercenary Of The Sands;18/09/2015;Suspense;Francês;Lançamento;109
F;8984;Elements Of The Mountains;08/04/2017;Romance;Russo;Lançamento;107
S;3890;Master Flumes;22/06/2019;Drama;Francês;Lançamento;200
F;8754;Illusions Of Tomorrow;05/09/2021;Ação;Inglês;Lançamento;105
S;3721;Nihon Minds;14/02/2019;Suspense;Italiano;Modificável;44
S;3524;The Walking Dread;23/05/2020;Drama;Espanhol;Modificável;188
S;3674;Nihon Trees;21/08/2018;Ação;Português;Lançamento;154
F;8205;Figures Of An Asteroid;06/03/2019;Drama;Russo;Modificável;88
F;8721;Created By A New War;25/11/2014;Ação;Italiano;Modificável;91
S;3617;The Call of the Sinks;15/12/2019;Policial;Espanhol;Modificável;59
S;3793;Fear of Robots;25/12/2019;Suspense;Russo;Lançamento;92
F;9627;Snakes Of A Dog;21/08/2015;Suspense;Espanhol;Modificável;109
F;9145;Spiders Per Country;11/07/2013;Ação;Inglês;Lançamento;96
F;9915;Men Of Honor;28/08/2015;Ação;Português;Lançamento;110
F;9082;Agents Of The New World;22/04/2016;Drama;Português;Modificável;120
S;3670;Fixing Bubbles;14/08/2017;Romance;Italiano;Modificável;41
F;9858;Horse Of Tomorrow;06/11/2019;Documentário;Espanhol;Modificável;99
S;3605;The Call of the Flumes;01/12/2019;Anime;Português;Modificável;77
F;8632;Fools And Grasses;03/03/2023;Comédia;Russo;Modificável;114
S;3705;Nihon Pretender;05/07/2020;Aventura;Inglês;Modificável;55
S;3460;Clear;14/09/2017;Ação;Russo;Modificável;118
S;3961;The Last of Bubbles;10/08/2020;Comédia;Espanhol;Modificável;114
F;8371;Rats And Pests;14/09/2019;Policial;Italiano;Modificável;116
